1,A&G Management Consulting,Consulting
2,Accenture,Consulting
3,Accountor,Consulting
4,Addleshaw Goddard,Law
5,AlixPartners,Consulting
6,Allen & Overy,Law
7,Altran,Consulting
8,Aon,Consulting
9,Arthur D. Little,Consulting
10,Ashfords,Law
11,Ashurst,Law
12,Aviva Investor,Banking & Finance
13,Bain & Company,Consulting
14,Balyasny Asset Management,Banking & Finance
15,Bank of America,Banking & Finance
16,Bank of England,Banking & Finance
17,Barclays,Banking & Finance
18,Baringa Partners,Consulting
19,Barings,Banking & Finance
20,BCLP,Law
21,BDB Pitmans,Law
22,BDO Consulting,Consulting
23,Bearingpoint,Consulting
24,Berenberg,Banking & Finance
25,Bevan Brittan,Law
26,Bird & Bird,Law
27,Birketts,Law
28,BlackRock,Banking & Finance
29,Blake Morgan,Law
30,BLM,Law
31,Bloomberg,Banking & Finance
32,BNP Paribas,Banking & Finance
33,BNY Mellon,Banking & Finance
34,Boston Consulting Group,Consulting
35,Bow & Arrow,Consulting
36,BP Trading,Banking & Finance
37,Brabners,Law
38,Bristows,Law
39,Brodies,Law
40,Browne Jacobson,Law
41,Burges Salmon,Law
42,Burness Paull,Law
43,Capco,Consulting
44,Capgemini Invent,Consulting
45,Capsticks,Law
46,Charles Russell Speechlys,Law
47,Citadel,Banking & Finance
48,Citi,Banking & Finance
49,Clarke Willmott,Law
50,Clifford Chance,Law
51,Clyde & Co,Law
52,CMS,Law
53,Credit Suisse,Banking & Finance
54,Cripps Pemberton Greenish,Law
55,DAC Beachcroft,Law
56,Deloitte ,Consulting
57,Deutsche Bank,Banking & Finance
58,Devonshires,Law
59,Dickson Minto,Law
60,Digby Brown,Law
61,DWF,Law
62,Ernst & Young,Consulting
63,Evercore,Banking & Finance
64,Eversheds Sutherland,Law
65,Farrer & Co,Law
66,Fidelity,Banking & Finance
67,Fieldfisher,Law
68,Fladgate,Law
69,Fletchers,Law
70,Foot Anstey,Law
71,Forsters,Law
72,Freeths,Law
73,Freshfields Bruckhaus Deringer,Law
74,FTI Consulting,Consulting
75,Gateley,Law
76,Goldman Sachs,Banking & Finance
77,Gowling WLG,Law
78,GP Bullhound,Banking & Finance
79,Grant Thornton,Consulting
80,Harbottle & Lewis,Law
81,Harper Macleod,Law
82,Harrison Clark Rickerbys,Law
83,Hay Group,Consulting
84,HCL Axon,Consulting
85,Herbert Smith Freehills,Law
86,Hewitt Associates,Consulting
87,HFW,Law
88,Hill Dickinson,Law
89,Hitachi Consulting,Consulting
90,Hogan Lovells,Law
91,Horváth & Partners,Consulting
92,Houlihan Lokey,Banking & Finance
93,Howard Kennedy,Law
94,HP Enterprise Services,Consulting
95,HSBC,Banking & Finance
96,Hugh James,Law
97,Huron Consulting Group,Consulting
98,IBM Global Business Services,Consulting
99,ICF International,Consulting
100,Ince,Law
101,Infosys Consulting,Consulting
102,Irwin Mitchell,Law
103,Jane Street Capital,Banking & Finance
104,Jefferies,Banking & Finance
105,JMW,Law
106,JP Morgan,Banking & Finance
107,Kearney,Consulting
108,Kennedys,Law
109,Keoghs,Law
110,Keystone Law,Law
111,Kingsley Napley,Law
112,Knights,Law
113,Korn Ferry,Consulting
114,KPMG,Consulting
115,L.E.K. Consulting,Consulting
116,Lazard,Banking & Finance
117,Leigh Day,Law
118,Lewis Silkin,Law
119,Linklaters,Law
120,M Capital,Banking & Finance
121,Macfarlanes,Law
122,Macquarie Group,Banking & Finance
123,Man Group,Banking & Finance
124,Marakon,Consulting
125,Marsh & McLennan Companies,Consulting
126,Maven Securities,Banking & Finance
127,McKinsey & Company,Consulting
128,Michelmores,Law
129,Mills & Reeve,Law
130,Minster Law,Law
131,Mishcon de Reya,Law
132,Mitchell Madison Group,Consulting
133,Morgan Stanley,Banking & Finance
134,Nomura,Banking & Finance
135,Norton Rose Fulbright,Law
136,O’Neill Patient,Law
137,Oliver Wyman,Consulting
138,Osborne Clarke,Law
139,PA Consulting Group,Consulting
140,Panmure Gordon,Banking & Finance
141,Penningtons Manches,Law
142,Perella Weinberg Partners,Banking & Finance
143,Pinsent Masons,Law
144,Piper Sandler,Banking & Finance
145,PJT,Banking & Finance
146,Plexus Legal,Law
147,Point72,Banking & Finance
148,PwC,Consulting
149,RBC Capital Markets,Banking & Finance
150,RBS,Banking & Finance
151,Roland Berger,Consulting
152,Rothschild & Co,Banking & Finance
153,Royds Withy King,Law
154,RPC,Law
155,Russell-Cooke,Law
156,Sackers,Law
157,Santander,Banking & Finance
158,Savills Investment Management,Banking & Finance
159,Saxo Bank,Banking & Finance
160,Schroders,Banking & Finance
161,Shakespeare Martineau,Law
162,Shepherd & Wedderburn,Law
163,Shoosmiths,Law
164,Simmons & Simmons,Law
165,Simon-Kucher & Partners,Consulting
166,Simpson Millar,Law
167,Slalom Consulting,Consulting
168,Slater and Gordon,Law
169,Slaughter and May,Law
170,SM&A,Consulting
171,Societe General,Banking & Finance
172,St James Place Wealth Management,Banking & Finance
173,Stephenson Harwood,Law
174,Stewarts,Law
175,Strategy&,Consulting
176,Tata Consultancy Services,Consulting
177,Taylor Wessing,Law
178,The Parthenon Group,Consulting
179,Thorntons,Law
180,TLT,Law
181,Travers Smith,Law
182,Trowers & Hamlins,Law
183,UBS,Banking & Finance
184,Veale Wasbrough Vizards,Law
185,Walker Morris,Law
186,Ward Hadaway,Law
187,Watson Farley & Williams,Law
188,Wedlake Bell,Law
189,Weightmans,Law
190,Wells Fargo,Banking & Finance
191,Wiggin,Law
192,Winckworth Sherwood,Law
193,Withers,Law
194,Womble Bond Dickinson,Law
